Movie Title,Theaters,Seats,Ticket Prices
Ant-Man and the Wasp,1717,151,15.99
Rebel,1630,171,21.90
A Quiet Place,1789,100,12.06
Den of Thieves,2127,59,11.55
Terminator Genisys,1793,284,18.97
Star Wars: The Force Awakens,1812,119,17.88
Pirates of the Caribbean: At World's End,1782,287,17.67
Tomorrowland,1480,203,23.84
Geostorm,794,289,19.07
The Purge,1647,125,15.74
Hotel Transylvania 2,1976,135,17.06
A Delicious Flight,1855,184,21.32
Spectre,1217,260,23.63
Black Panther,1436,88,20.31
Ant-Man,869,268,20.60
Midnight Sun,942,178,23.88
Pirates of the Caribbean: The Curse of the Black Pearl,1533,284,23.19
Logan,1920,52,13.77
I Feel Pretty,1226,109,10.26
Django Unchained,1018,243,10.44
Dunkirk,1462,213,21.08
The Maze Runner,1562,161,15.67
Three Billboards Outside Ebbing Missouri,954,93,15.58
The Matrix,1454,178,16.44
The Fate of the Furious,1470,146,15.49
The Greatest Showman,1130,197,21.66
Inglourious Basterds,2179,272,13.11
The Purge: Anarchy,1331,57,23.07
War for the Planet of the Apes,2213,109,16.74
Upgrade,2217,157,22.27
Dawn of the Planet of the Apes,1292,88,13.31
Skyfall,855,249,24.47
Cinderella,1865,251,15.04
Jumanji: Welcome to the Jungle,1276,223,20.95
Crazy Rich Asians,1750,182,16.12
Fury,1480,86,21.74
John Wick,2202,216,19.69
Hereditary,1834,52,11.30
Frozen,902,90,10.09
Big Hero 6,2119,154,16.86
San Andreas,1653,80,21.26
John Wick: Chapter 2,1237,291,18.29
Baby Driver,818,273,15.17
Star Wars: The Last Jedi,1612,160,17.75
Toy Story,1623,285,11.87
Batman v Superman: Dawn of Justice,1551,138,13.38
Insurgent,1691,162,16.79
Pirates of the Caribbean: On Stranger Tides,1565,202,13.77
Jaws,1076,144,20.66
The Nun,1815,148,13.21
Extinction,1373,90,19.71
The First Purge,1314,262,22.05
Indiana Jones and the Temple of Doom,1231,93,11.48
Raiders of the Lost Ark,828,86,18.13
The Seven Deadly Sins: Prisoners of the Sky,1208,153,18.01
Penguins of Madagascar,889,208,14.03
X-Men: Apocalypse,1583,207,13.26
Rampage,1444,279,18.38
The Imitation Game,899,226,22.59
Harry Potter and the Goblet of Fire,1575,55,21.24
The Dark Knight,1260,202,12.41
Star Wars,1997,74,19.44
The Dark Knight Rises,1026,215,14.32
Alien,1164,84,20.56
Chappie,1101,123,18.95
Mission: Impossible - Rogue Nation,1126,294,23.41
Gone Girl,1222,260,21.59
Alpha,1078,172,14.29
Thor: Ragnarok,2080,55,10.62
Iron Man 3,1658,250,11.22
Pixels,829,144,24.43
Iron Man 2,1612,297,18.23
Mission: Impossible - Fallout,1212,193,20.91
Harry Potter and the Prisoner of Azkaban,1107,291,12.57
Tomb Raider,1351,170,23.46
The Chronicles of Narnia: The Lion the Witch and the Wardrobe,1835,141,23.73
Hotel Transylvania 3: Summer Vacation,1550,179,19.32
Beauty and the Beast,1298,66,23.17
Pacific Rim: Uprising,1267,265,20.97
Miss Peregrine's Home for Peculiar Children,1715,126,16.81
The Lord of the Rings: The Two Towers,1863,268,18.54
The Equalizer 2,1351,84,15.36
The Commuter,1864,128,12.54
Justice League,840,229,22.63
The Martian,1016,189,14.68
Incredibles 2,2118,110,22.79
Split,1421,124,12.35
Avengers: Age of Ultron,1475,225,12.24
Tag,1530,194,20.48
The Shape of Water,1900,216,20.11
The Shawshank Redemption,1565,159,22.13
Captain America: Civil War,788,101,17.22
Jurassic World: Fallen Kingdom,1079,124,24.29
Truth or Dare,1347,196,22.57
Iron Man,1524,120,18.88
Christopher Robin,977,292,21.30
Thor,1713,118,13.53
Thor: The Dark World,2163,195,14.95
Reprisal,1456,115,13.53
Star Trek Into Darkness,1127,229,17.71