Email address,Favorite NBA Team,Random Item,Key String
jbailie@outlook.com,Boston Celtics,Thermometer,ZLY4NEDZRRI8
chinthaka@optonline.net,Miami Heat,Slipper,ZFT8Q1US8LTN
dhwon@mac.com,Sacramento Kings,Remote,YWY84L4CJ87Z
salesgeek@outlook.com,Chicago Bulls,Deodorant,YSU57O6GA2HL
shrapnull@hotmail.com,Philadelphia 76ers,Sidewalk,Y6XWGHSKHF9J
fviegas@comcast.net,Orlando Magic,Balloon,Y1SUVKMDDK43
mhassel@yahoo.ca,Golden State Warriors,Bag,XINGR6VAOY24
sinclair@att.net,Detroit Pistons,Sun Glasses,WYK2CJTMY0UY
fviegas@aol.com,Chicago Bulls,House,WTX9KOV3V6J6
enintend@outlook.com,LA Clippers,Glass,WJC43IQ1MQOY
wiseb@live.com,Charlotte Hornets,Desk,WHB63G7YOEMD
solomon@outlook.com,Dallas Mavericks,Shawl,W50QOIXMIPXQ
ngedmond@icloud.com,Utah Jazz,Soap,VEK1SHCCZEEY
kodeman@outlook.com,Houston Rockets,Cork,UI964D6STTWT
dcoppit@me.com,Golden State Warriors,Usb Drive,TS58NESSEUYW
scottlee@yahoo.com,Brooklyn Nets,Chapter Book,TCKW6SSENQVW
rhavyn@optonline.net,Atlanta Hawks,Cell Phone,TAHQEEUEPJHC
glenz@me.com,San Antonio Spurs,Key Chain,SZRPALI3K2CN
kudra@att.net,Orlando Magic,Bed,S2JCDNW6GY2C
ovprit@aol.com,Phoenix Suns,Fake Flowers,RQ8B9DTVM0ZR
chrwin@hotmail.com,Cleveland Cavaliers,Bottle Cap,QQF804IWAZQS
linuxhack@aol.com,Atlanta Hawks,Lamp,QPC5Q7NNQOXT
mchugh@att.net,Denver Nuggets,Wallet,Q7EBOI1LYQV9
uncle@live.com,Utah Jazz,Pen,Q62CK9MS9NTM
library@yahoo.ca,Utah Jazz,Spoon,Q3QA4A9TD494
fudrucker@yahoo.com,Detroit Pistons,Watch,Q2MQV07PI87I
webteam@msn.com,Cleveland Cavaliers,Apple,OJ4JUOCBZX8B
tarreau@outlook.com,New Orleans Pelicans,Hanger,OB1AJE3T0TEY
sopwith@mac.com,Boston Celtics,Nail File,O0GI16R231SV
ardagna@live.com,Phoenix Suns,Window,NUVM1DOE0XNN
kempsonc@mac.com,Chicago Bulls,Tissue Box,NSN82P3JELBB
gboss@outlook.com,Utah Jazz,Sailboat,N9LCNMY1KD8Y
bastian@outlook.com,Miami Heat,Hair Brush,MV2ZEA1OM71S
hachi@msn.com,Philadelphia 76ers,Wagon,MSCH502LZW4B
wonderkid@msn.com,Miami Heat,Tire Swing,MO73J0VDVQ7T
jsnover@msn.com,Indiana Pacers,Magnet,MLCKNA53E1RI
skoch@comcast.net,Denver Nuggets,Eye Liner,MHC8LEN41RQC
mastinfo@optonline.net,Washington Wizards,Nail Clippers,MAMLEZSMVZ5U
rogerspl@yahoo.com,Philadelphia 76ers,Credit Card,L6L1K59YFNU5
aegreene@me.com,Dallas Mavericks,Phone,KS2VX7RYVJBO
szymansk@verizon.net,OKC Thunder,Beef,KG0UXTXPBBG6
tbmaddux@yahoo.ca,Washington Wizards,Air Freshener,KA4MSJ2D0HBN
fraser@verizon.net,Miami Heat,Pants,K0LZ8ZQBHZDC
burns@yahoo.com,Golden State Warriors,Ipod,JSNY3BSJS98L
maikelnai@live.com,Philadelphia 76ers,Rubber Duck,IWL3L5N5FW0Q
dmiller@outlook.com,Brooklyn Nets,Mouse Pad,IUXTBQMO2UAO
scato@yahoo.com,MIN Timberwolves,Bottle,IH0FENLU3SWT
pthomsen@comcast.net,Brooklyn Nets,Monitor,IA0ZP0ZQSCEP
hahsler@icloud.com,Houston Rockets,Computer,I744X67XMXL3
murty@optonline.net,Milwaukee Bucks,Charger,I6QAZHCFER56
tubajon@att.net,Indiana Pacers,Mop,H5UFI8SSWLX1
sharon@comcast.net,San Antonio Spurs,Chalk,GOM64WCZIVB2
retoh@outlook.com,Atlanta Hawks,Needle,GHKGN9DQW254
oracle@mac.com,LA Clippers,Plate,G8BX03KN6KW7
phizntrg@optonline.net,New York Knicks,Clamp,F9DKOFP090PY
offthelip@mac.com,Phoenix Suns,Face Wash,F4SCU5O7LDH7
wildfire@me.com,Memphis Grizzlies,Cinder Block,EXG404H9V5D9
malin@live.com,New Orleans Pelicans,Conditioner,EMN85Y314YVD
amichalo@gmail.com,New York Knicks,Puddle,DUKUCYQKGO8T
mrdvt@comcast.net,Denver Nuggets,Zipper,DSQMS4WW3UIY
jimxugle@hotmail.com,New York Knicks,Street Lights,DS8F51ZB3OZ2
dsugal@verizon.net,Toronto Raptors,Helmet,DDNRKK81TRI2
amimojo@hotmail.com,Houston Rockets,Eraser,D0QKPVDMFRLQ
pfitza@msn.com,Toronto Raptors,Coasters,CQWBK1Z2AIWB
pjacklam@comcast.net,Brooklyn Nets,Sofa,CPKOQBG3Z0UN
gmcgath@yahoo.com,Sacramento Kings,Perfume,COLN39KWUE7L
scotfl@outlook.com,LA Lakers,Stockings,C3GE7MYGM9UB
dexter@hotmail.com,Dallas Mavericks,Tv,BZU4AI5S9AF0
vmalik@hotmail.com,New Orleans Pelicans,Sticky Note,AV9KJZT4BIJ6
nicktrig@aol.com,MIN Timberwolves,White Out,AT0H6NQUODOV
jelmer@yahoo.com,Dallas Mavericks,Pool Stick,ACVMAJ2FOK1X
jeffcovey@optonline.net,Charlotte Hornets,Chair,A9IOKPX75ZZW
flavell@aol.com,Detroit Pistons,Clothes,A8YBVH416EIH
jamuir@live.com,Charlotte Hornets,Glow Stick,9W4EEISOJTZC
juliano@comcast.net,LA Clippers,Doll,97CT4G6C3D91
marioph@att.net,Boston Celtics,Table,92CZ8W3NQXLF
pfitza@comcast.net,OKC Thunder,Blanket,8WJAABPEZ57J
conteb@sbcglobal.net,San Antonio Spurs,Bookmark,8GXHJCURHDDK
pplinux@comcast.net,Memphis Grizzlies,Toothbrush,8G0MSC6L0P5I
godeke@hotmail.com,Toronto Raptors,Sandal,8F94NJY0Y8JI
seanq@gmail.com,Indiana Pacers,Screw,7O3KV9UODRJO
afifi@yahoo.ca,Detroit Pistons,Paint Brush,766Q09INZR4B
jguyer@hotmail.com,Milwaukee Bucks,Water Bottle,6NQBGKREBV3T
mthurn@aol.com,Memphis Grizzlies,Radio,61XGVRMXF8K4
nicktrig@msn.com,OKC Thunder,Playing Card,5ZFNLDJ1K0C9
scato@yahoo.ca,LA Lakers,Plastic Fork,58MVWWS1X0DS
nwiger@att.net,Portland Trail Blazers,Brocolli,4AHFKMYN30MO
garland@mac.com,Milwaukee Bucks,Flag,3PEB439AIEHC
yamla@hotmail.com,Atlanta Hawks,Truck,3MCIL9A4L9JF
jaesenj@live.com,Charlotte Hornets,Clay Pot,3FARNE9W8AEC
thomasj@verizon.net,New York Knicks,Tooth Picks,31UCMYCFFZTX
cumarana@optonline.net,LA Lakers,Chocolate,2TLWXKIAFW6M
jpflip@mac.com,San Antonio Spurs,Grid Paper,26P3YDUIVTIR
epeeist@yahoo.ca,Portland Trail Blazers,Floor,1VEKMHP85KA4
budinger@me.com,Washington Wizards,Canvas,1JY7FCONJ9OY
mchugh@msn.com,MIN Timberwolves,Tweezers,1D0FJP8N18E3
citizenl@live.com,Orlando Magic,Shovel,11WGUV39B0KQ
dwendlan@outlook.com,Portland Trail Blazers,Checkbook,0DZB3ZA3UVWH
froodian@comcast.net,Cleveland Cavaliers,Sketch Pad,08MA613S34FE
isotopian@outlook.com,Sacramento Kings,Socks,04VJBMHSGDSN
